{
    "eval_type": "synthetic",
    "dataset": "data/california/",
    "metrics": {
        "train": {
            "rmse": 0.2759427479250403,
            "r2": 0.9432536905983644,
            "score": -0.2759427479250403
        },
        "val": {
            "rmse": 0.4663919596526135,
            "r2": 0.8331724055045888,
            "score": -0.4663919596526135
        },
        "test": {
            "rmse": 0.46023063923604035,
            "r2": 0.8375616857664434,
            "score": -0.46023063923604035
        }
    }
}
