{
    "eval_type": "synthetic",
    "dataset": "data/churn2/",
    "metrics": {
        "train": {
            "0": {
                "precision": 0.8865045512510443,
                "recall": 0.9679277895141156,
                "f1-score": 0.9254286304482544,
                "support": 20828
            },
            "1": {
                "precision": 0.7950291500460264,
                "recall": 0.5009667440061871,
                "f1-score": 0.6146364606808207,
                "support": 5172
            },
            "accuracy": 0.8750384615384615,
            "macro avg": {
                "precision": 0.8407668506485353,
                "recall": 0.7344472667601514,
                "f1-score": 0.7700325455645376,
                "support": 26000
            },
            "weighted avg": {
                "precision": 0.8683079829805693,
                "recall": 0.8750384615384615,
                "f1-score": 0.8636048957545172,
                "support": 26000
            },
            "roc_auc": 0.8845017595966284,
            "score": 0.8750384615384615
        },
        "val": {
            "0": {
                "precision": 0.8788310762651461,
                "recall": 0.9678178963893249,
                "f1-score": 0.921180425849832,
                "support": 1274
            },
            "1": {
                "precision": 0.7918781725888325,
                "recall": 0.4785276073619632,
                "f1-score": 0.5965583173996176,
                "support": 326
            },
            "accuracy": 0.868125,
            "macro avg": {
                "precision": 0.8353546244269894,
                "recall": 0.7231727518756441,
                "f1-score": 0.7588693716247248,
                "support": 1600
            },
            "weighted avg": {
                "precision": 0.8611144221410973,
                "recall": 0.868125,
                "f1-score": 0.8550386712531008,
                "support": 1600
            },
            "roc_auc": 0.8659058951565526,
            "score": 0.868125
        },
        "test": {
            "0": {
                "precision": 0.868824531516184,
                "recall": 0.96045197740113,
                "f1-score": 0.9123434704830055,
                "support": 1593
            },
            "1": {
                "precision": 0.7364016736401674,
                "recall": 0.43243243243243246,
                "f1-score": 0.544891640866873,
                "support": 407
            },
            "accuracy": 0.853,
            "macro avg": {
                "precision": 0.8026131025781758,
                "recall": 0.6964422049167812,
                "f1-score": 0.7286175556749392,
                "support": 2000
            },
            "weighted avg": {
                "precision": 0.8418764799384146,
                "recall": 0.853,
                "f1-score": 0.8375670231561225,
                "support": 2000
            },
            "roc_auc": 0.852096318198013,
            "score": 0.853
        }
    }
}
